shipper_id,shipper_name,shipper_contact_details
1003,Tavu,187-20-9550
1005,Rhybox,655-21-6931
1007,Katz,815-87-7868
1009,Brainlounge,571-38-4231
1013,Realbridge,457-27-6078
1015,Yakijo,616-53-0046
1022,InnoZ,415-48-2318
1023,Fiveclub,719-53-5670
1028,Feedfire,634-55-4653
1030,Topdrive,469-15-9131
1037,Snaptags,841-17-7017
1042,Jayo,304-18-2648
1043,Kwimbee,578-83-2676
1044,Devpulse,684-93-2807
1045,Feednation,540-24-4522
1046,Oozz,684-23-0409
1049,Dabtype,120-98-6931
1057,Voolia,723-29-9697
1058,Edgeify,244-83-6199
1061,Skyvu,358-59-7146
1065,Fadeo,433-83-1238
1068,Skivee,407-40-8666
1072,Ainyx,222-96-0060
1082,Feedbug,769-63-4799
1089,Youbridge,303-10-2442
1094,Fivespan,516-46-0775
1095,Photolist,212-72-8973
1096,Innotype,674-69-5280
1098,Babbleopia,269-87-2914
1099,Katz,724-07-7936
1100,Realbridge,680-20-3768
1102,Youspan,307-71-8958
1103,Trupe,214-73-6591
1107,Voonyx,430-21-1212
1108,Gabvine,271-90-4904
1109,LiveZ,714-07-9190
1110,Riffwire,430-80-6105
1111,Pixoboo,863-37-0862
1114,Gabcube,768-57-3316
1117,Twinder,842-36-7675
1121,Linktype,614-40-8086
1124,Oyoyo,440-82-9219
1131,Teklist,366-89-4882
1134,Jaxworks,804-98-8936
1135,Quimba,676-34-4117
1136,Browsetype,115-08-9699
1138,Jabbersphere,215-35-2226
1140,Vinte,170-33-0650
1142,Twitterwire,412-07-3378
1144,Dynabox,432-13-7009
1153,Bluejam,516-58-4018
1154,Feedmix,238-97-4452
1155,Lajo,740-59-3740
1156,Youfeed,230-94-0683
1167,Flashdog,784-59-9901
1178,Zoomdog,891-98-6803
1181,Feednation,659-21-0151
1182,Omba,435-24-7523
1184,Vimbo,364-64-8840
1187,Lazz,438-56-6113
1189,Skidoo,164-56-2152
1192,Abatz,348-62-6683
1193,Cogilith,742-92-0451
1194,Flipopia,322-29-9723
1195,Yacero,423-48-3505
1198,Myworks,212-40-8303
1199,Avavee,125-38-2989
1206,Trudeo,770-12-9213
1207,Brainsphere,862-61-5064
1208,Avavee,129-96-5072
1211,Tagcat,879-54-8503
1212,Buzzshare,175-14-8297
1213,Babbleopia,471-08-6486
1214,Abata,517-15-7183
1215,Oozz,186-07-8144
1220,Devshare,711-83-0671
1221,Shufflester,342-84-4393
1224,Quatz,509-34-3985
1225,Bubblemix,617-67-0879
1226,Jabberstorm,264-35-4631
1228,Leexo,102-08-2843
1229,DabZ,458-12-1050
1230,Dabtype,855-68-8013
1237,Mymm,899-94-1913
1240,Topicshots,647-63-1621
1242,Skyndu,883-12-4168
1246,Katz,738-89-1467
1247,Wikizz,603-93-3331
1248,Yodo,237-23-4929
1249,Voomm,348-17-1178
1253,Gabcube,236-54-6347
1258,Linkbridge,184-72-8743
1259,Skiptube,584-51-0938
1271,Brainbox,637-84-3768
1274,Gabspot,223-18-3159
1279,Brightdog,254-67-4087
1282,Bluejam,233-98-2395
1283,Fadeo,541-50-1247
1294,Pixoboo,110-62-0215
1295,Camido,295-84-6096
1296,Abatz,661-45-6777
1298,Divanoodle,652-18-3763
1302,Youbridge,441-40-7398
1306,Twimm,209-66-3829
1307,Cogilith,322-62-8408
1308,Voonte,601-77-8527
1312,Jayo,412-93-5172
1313,Livetube,587-23-0953
1315,Fanoodle,437-49-2246
1316,Divape,645-85-7740
1318,Skippad,440-86-7792
1322,Realcube,433-53-9139
1325,Wikibox,767-51-2913
1326,Youopia,729-36-2041
1328,Feedfire,882-50-6408
1336,Rhynoodle,883-45-8165
1343,Meembee,544-94-3877
1351,Zoomdog,218-19-1802
1353,Skippad,518-75-5398
1355,Gevee,649-78-9218
1357,Npath,147-85-9606
1359,Thoughtbridge,782-90-9359
1363,Oba,263-72-3471
1364,Lajo,763-10-9352
1366,Flashpoint,249-35-9061
1372,Buzzster,302-14-6183
1373,Photobug,527-16-1591
1374,Avamba,816-89-3650
1376,Dazzlesphere,164-55-2994
1382,Trupe,108-37-5957
1384,Ozu,347-27-9394
1385,Zoonoodle,160-33-0424
1387,Realfire,163-41-1702
1391,Mynte,808-41-4378
1393,Photofeed,278-13-9486
1409,Jabberbean,445-17-2775
1412,Podcat,540-10-3026
1415,Dabfeed,422-06-7486
1416,Eimbee,652-46-9888
1417,Pixonyx,304-51-1575
1420,Vidoo,199-95-5278
1425,Cogilith,267-60-7116
1427,Chatterbridge,819-68-9887
1428,Oba,157-64-6315
1434,Ntag,653-46-8005
1435,Kwimbee,129-61-5552
1436,Skibox,397-55-9995
1438,Yombu,548-43-1686
1443,Aivee,681-07-9348
1446,Skyvu,862-89-1699
1448,Vinder,209-47-7350
1449,Youspan,193-29-6908
1450,Jaxspan,385-11-6886
1453,Thoughtbeat,259-56-9594
1456,Trudoo,287-62-6677
1462,Youfeed,712-07-8073
1463,Kwinu,557-61-0203
1466,Podcat,244-21-9354
1467,Yacero,191-07-5808
1469,Skivee,464-68-1650
1470,Eamia,815-68-4554
1471,Linkbuzz,531-21-5091
1479,Mynte,709-54-7208
1480,Quatz,803-82-7568
1482,Twitterworks,312-35-7412
1483,Divanoodle,511-35-4021
1485,Talane,766-66-2819
1486,Plajo,537-02-6248
1487,Livetube,527-99-2547
1490,Vinte,107-81-5155
1494,Twinte,144-59-9212
1495,Jetwire,345-99-5630
1498,Demizz,864-66-0172
1502,Trilith,500-28-7357
1504,Zoozzy,372-66-2100
1510,Jamia,264-34-2085
1511,Lazzy,619-58-7371
1512,Abatz,477-42-1099
1513,Skipstorm,569-13-4343
1517,Skajo,268-21-3799
1518,Jaxbean,572-91-5758
1519,Rhyzio,576-94-5231
1521,Yamia,859-66-6522
1522,Wordify,371-69-6870
1534,Jetpulse,635-30-3693
1537,Feednation,420-28-1587
1538,Yodel,438-30-4921
1541,Voonix,650-97-0439
1542,Skibox,445-52-9552
1548,Zoomzone,849-99-5803
1550,Rhynyx,129-63-4167
1555,Brainsphere,844-23-6055
1563,Twitterlist,109-86-9293
1564,Demizz,308-66-6652
1565,Zoozzy,725-32-8162
1566,Pixope,643-75-4415
1569,Skinix,111-84-2828
1573,Mycat,601-43-4107
1576,Browsetype,844-10-6046
1579,Talane,271-37-6285
1582,Mynte,587-21-7915
1591,Yakidoo,420-88-5799
1592,Eimbee,102-41-0153
1593,Livepath,583-38-9758
1595,Youfeed,189-06-3930
1597,Wordify,535-09-1446
1600,Thoughtmix,257-54-9039
1604,Photobug,266-97-6904
1607,Rhynyx,711-98-8851
1608,Flipbug,801-84-1627
1609,Yabox,591-32-4673
1612,Ozu,851-47-8136
1614,Jaxspan,843-67-9704
1617,Feedmix,125-29-5865
1618,Plajo,693-77-7892
1619,Realmix,515-59-8716
1621,Vipe,155-18-0873
1624,Edgewire,669-10-9388
1628,Feedfire,828-88-3282
1633,Rooxo,238-97-7709
1634,Edgeclub,206-01-2301
1635,Cogilith,741-55-2529
1639,Livefish,814-79-0366
1641,Vitz,303-29-5200
1642,Thoughtstorm,673-60-4852
1643,Jabbercube,172-91-8070
1647,Topicshots,528-53-6691
1653,Geba,748-60-5619
1654,Voolia,698-94-3065
1656,Edgeify,352-07-3630
1677,Roombo,848-91-4874
1682,Linkbridge,471-14-4582
1683,Mudo,159-44-1592
1684,Vidoo,159-34-3380
1689,Realblab,628-54-0917
1696,Gevee,601-73-5186
1699,Twitterworks,499-15-3729
1700,Zoovu,305-82-5873
1701,Divavu,706-52-1841
1702,Jetwire,823-89-9741
1705,Camimbo,238-33-3863
1714,Edgeblab,715-01-3090
1717,Tanoodle,141-19-4186
1718,Meezzy,409-44-1664
1719,Leexo,434-91-9008
1720,Riffpath,688-69-2823
1721,Aimbo,461-15-9988
1726,Avaveo,696-61-0894
1731,Skynoodle,292-72-2472
1733,Blognation,759-15-0588
1734,Realblab,209-76-8535
1737,Skaboo,454-25-1393
1738,Trudoo,706-95-4792
1739,Kazio,804-77-7032
1740,Skinte,481-10-5521
1743,Wikibox,650-81-9232
1748,Midel,429-51-4961
1750,Fivebridge,375-70-6450
1751,Flashspan,861-42-1270
1754,Ainyx,562-63-7880
1755,Feedmix,353-48-6544
1756,Lazzy,579-92-7504
1757,Oba,302-77-3424
1765,Skipstorm,172-43-5210
1770,Oloo,887-81-9493
1772,Skynoodle,205-86-5112
1773,Shufflester,662-27-1304
1778,Wikido,838-19-4550
1780,Meeveo,265-42-4185
1781,Thoughtbeat,645-30-1824
1783,Jamia,777-76-5259
1787,Yambee,239-95-4807
1793,Rhyloo,332-97-7780
1795,Twiyo,601-64-6468
1797,Oloo,148-76-9008
1799,Eire,113-91-9167
1800,Kare,738-05-0868
1801,Zoovu,742-59-6791
1808,Linkbridge,464-43-1062
1809,Browsebug,864-23-1420
1812,Chatterbridge,699-75-3481
1819,Twitterlist,839-11-6693
1821,Yozio,446-25-6296
1823,Gabcube,869-49-1604
1824,Innotype,639-47-5189
1827,Kazio,718-13-1400
1829,Innotype,487-64-6614
1831,Twitterwire,539-20-5922
1833,Oyondu,709-84-4340
1840,Kwinu,337-41-5636
1841,Wikibox,304-68-5356
1845,Skivee,645-37-7232
1846,Chatterpoint,574-31-2723
1847,Gabspot,864-45-4899
1854,Topiczoom,821-61-8212
1856,Jayo,626-13-4141
1857,Minyx,809-80-4403
1859,Kazu,267-59-2200
1865,Midel,407-25-1568
1866,Rhyzio,326-05-8520
1872,Skidoo,227-14-6321
1874,Yadel,210-96-7174
1876,Jabberbean,205-13-4102
1883,Agimba,296-32-9525
1884,Feedbug,412-67-0231
1888,Tazzy,254-58-3750
1889,Edgeblab,403-92-5398
1890,Youopia,404-01-9457
1893,Digitube,282-02-0435
1894,Skinix,463-73-5608
1899,Agivu,559-44-4423
1903,Avamm,472-69-6959
1907,Pixonyx,846-34-1523
1908,Twitterbeat,881-02-8632
1915,Browseblab,664-19-9393
1917,Thoughtbeat,651-29-0884
1919,Yakitri,676-50-2207
1921,Pixonyx,765-18-4817
1928,Teklist,536-83-6781
1931,Trilia,648-20-2985
1933,Centizu,657-42-2409
1934,Gabtype,763-90-7035
1935,Skinte,389-77-7542
1938,Skaboo,294-41-9298
1940,Voomm,289-73-0573
1942,Yozio,245-14-9639
1945,Dynabox,659-81-2311
1948,Skyvu,876-27-7207
1953,Leenti,450-37-8265
1954,Topiclounge,870-26-5136
1955,Tagchat,565-46-1132
1957,Fadeo,631-69-3897
1960,Jabberbean,311-61-4354
1962,Jaloo,734-46-2514
1963,Quatz,403-14-8402
1978,Camimbo,638-29-8068
1981,Jayo,121-93-3637
1982,Janyx,361-75-4426
1985,Yambee,777-13-2094
1989,Brainsphere,885-75-0938
1992,Skilith,810-01-0459
1993,Fliptune,703-40-7061
1996,InnoZ,844-80-9527
2001,Omba,458-38-5152
2005,Flipopia,521-68-4174
2007,Skipfire,520-91-4887
2010,Devbug,752-26-0836
2012,Jabbersphere,867-04-5328
2014,Quatz,520-60-5977
2017,Jazzy,641-37-3900
2025,Edgepulse,392-60-3873
2026,Tambee,467-58-5023
2028,Mymm,759-60-1833
2033,Feedmix,631-99-9505
2035,Rhynyx,378-57-0118
2036,Quimm,481-21-9047
2041,Thoughtblab,542-88-8254
2045,Twitterlist,150-57-2640
2046,Snaptags,676-43-8841
2049,Topicware,269-70-4570
2051,Jaloo,370-46-8661
2053,Blogtags,412-87-1556
2062,Brainbox,467-23-3113
2067,Kazu,194-23-1321
2068,Chatterbridge,366-41-4206
2069,Ooba,211-89-4622
2071,Kanoodle,665-26-5875
2072,Vinte,384-67-3810
2073,Jaxworks,547-85-9847
2078,Gabcube,571-46-4187
2080,Buzzbean,123-20-9005
2082,Snaptags,233-97-6624
2086,Kaymbo,561-72-9421
2088,Eabox,193-66-4084
2090,Yambee,514-79-9569
2091,Flashdog,775-94-0831
2096,Dabfeed,814-95-3742
2097,Yakijo,264-99-3237
2100,Yotz,294-25-7323
2102,Twinte,102-38-8721
2110,Kazu,629-11-7458
2115,Edgeify,174-18-0829
2121,Topiczoom,198-06-5450
2123,Skidoo,370-33-4057
2124,Flipbug,178-72-5871
2125,Kamba,283-27-2548
2126,Brightdog,535-02-7483
2128,Yakitri,488-54-5386
2135,Browsezoom,677-54-9252
2138,Devbug,260-79-5534
2140,Eimbee,478-81-7750
2143,Thoughtstorm,505-15-6064
2147,Skimia,889-97-0203
2149,Aimbu,361-93-5692
2151,Thoughtsphere,882-04-4231
2152,Topicware,735-51-0771
2157,Livefish,782-36-5592
2159,Vimbo,252-27-6855
2160,Yakijo,289-85-2357
2162,Geba,439-17-9977
2163,Shuffledrive,735-67-5753
2165,Twimbo,295-01-6025
2166,Ainyx,433-04-4627
2168,Yombu,651-38-3577
2169,Jamia,463-66-8301
2173,Buzzshare,815-62-0700
2174,Trupe,237-34-5520
2176,Browseblab,667-48-5540
2193,Yata,311-16-9482
2196,Yodoo,488-80-2732
2199,Abata,668-59-9311
2203,Babbleblab,850-08-6675
2205,Plajo,788-72-4318
2206,Jatri,649-68-2842
2208,Centimia,664-93-7706
2209,Babbleopia,861-05-9707
2210,Photobean,160-57-1114
2211,Kanoodle,877-92-2965
2213,Innojam,188-55-0225
2215,Wordtune,317-25-9993
2222,Feedbug,521-61-3108
2224,Midel,307-04-2548
2226,Youbridge,410-14-6619
2234,Yabox,179-12-3107
2235,Brightbean,169-13-5424
2236,Meedoo,320-16-8226
2240,Linklinks,494-57-4600
2243,Fivebridge,739-39-5689
2244,Innotype,820-21-1779
2245,Skipfire,868-61-9439
2248,Midel,740-60-7848
2251,Chatterbridge,868-80-3843
2252,Vimbo,614-88-1667
2253,Browsecat,195-91-9512
2255,Devpulse,882-04-7101
2259,Quimba,349-54-1230
2265,Edgetag,537-46-5679
2269,Brainsphere,415-28-4078
2273,Tazz,597-80-3691
2279,Babbleblab,157-37-9651
2280,Quaxo,140-16-3673
2284,Kare,829-27-8030
2285,Skyvu,416-99-8611
2290,Skiba,891-21-1980
2298,Jabbertype,398-40-4399
2300,Meejo,429-76-8946
2308,Camimbo,498-21-3639
2318,Aibox,865-42-1286
2326,Janyx,619-51-4664
2329,Tanoodle,479-33-7555
2330,Fadeo,141-40-6004
2332,Oozz,635-15-3112
2333,Skiptube,424-76-5495
2346,Camimbo,385-60-9979
2347,Devpoint,497-11-1518
2348,Edgetag,186-94-1474
2355,Feedbug,375-41-3647
2356,Cogidoo,420-99-2483
2362,Jayo,811-83-2542
2363,Yodoo,623-55-7805
2364,Dynazzy,652-89-6783
2366,Oozz,213-92-7831
2369,Zazio,891-93-3442
2370,Buzzdog,815-89-9588
2372,Demivee,295-04-9339
2377,Yakidoo,306-25-6630
2380,Vipe,723-83-8372
2382,Demivee,493-38-2166
2384,Eadel,781-79-0596
2389,Katz,825-05-0743
2391,Skyble,500-60-6665
2394,Browsedrive,167-36-5788
2401,Bluejam,138-21-0884
2404,Livetube,100-10-4836
2408,Realmix,841-57-3344
2409,Bluejam,865-17-8441
2413,Shufflebeat,109-67-3198
2415,Vitz,651-10-5560
2416,Twinte,734-37-3831
2417,Gigazoom,413-96-8695
2420,Skyvu,480-75-1740
2423,Gabvine,452-34-3464
2424,Brightdog,879-63-7771
2434,Skinte,585-25-3757
2437,Flipopia,770-87-0912
2438,Feedfish,327-94-5292
2439,Jazzy,593-82-9122
2441,Dabtype,753-10-7022
2443,Eamia,190-67-6241
2446,Ntags,777-91-4755
2450,Quimba,474-35-5497
2451,Yodo,604-07-4246
2453,Shuffledrive,572-63-8744
2455,Rhynyx,513-84-1167
2459,Feedfire,313-61-3862
2461,Skipfire,315-95-6593
2469,Meejo,429-99-0447
2475,Voolia,525-54-1139
2477,Gigabox,665-01-6932
2480,Oyoba,569-07-4332
2481,Rhyloo,635-23-3528
2487,Yotz,262-07-1668
2491,Wikizz,325-86-3901
2493,Devpoint,306-69-8866
2496,Jabbersphere,670-44-7335
2499,Jaxbean,737-01-7269
2514,Youfeed,803-36-5701
2515,Skippad,433-43-1432
2517,Yotz,579-85-4630
2519,Tagcat,803-42-2537
2522,Devpoint,714-26-5098
2523,Oyondu,603-79-6170
2524,Dabtype,829-52-3416
2526,Realblab,805-87-4049
2528,Rhycero,196-88-0609
2529,Livetube,441-66-2551
2531,Abatz,694-21-0235
2535,JumpXS,360-25-1937
2537,Abatz,458-83-1338
2538,Bubbletube,871-57-6028
2549,Avamm,637-01-6190
2551,Zoonoodle,610-12-0339
2560,Gigashots,664-74-0625
2561,Voomm,672-81-9502
2566,Ntag,366-97-3918
2568,Twitterlist,181-96-4964
2571,Quaxo,646-21-7402
2575,Teklist,509-94-2704
2580,Skidoo,192-42-0999
2582,Divanoodle,200-95-8491
2584,Thoughtmix,597-76-0299
2585,Rooxo,280-59-1168
2590,Skivee,137-70-2218
2597,Yakidoo,119-85-3166
2599,Quamba,819-31-2989
2604,Latz,420-62-9576
2612,Bubblemix,461-93-7421
2613,Demimbu,324-61-2750
2614,Devshare,565-77-8895
2616,Thoughtblab,799-32-0894
2617,Roombo,758-56-8189
2626,Flashpoint,598-40-8384
2628,Oodoo,847-62-7635
2631,Quimba,115-93-2377
2638,Kare,895-97-2090
2639,Brainbox,435-89-0824
2643,Wikizz,705-72-6800
2646,Linkbridge,708-65-5880
2651,Blogtag,188-43-3442
2656,Midel,894-57-2919
2659,Bubbletube,610-26-2412
2660,Kamba,321-62-5923
2661,Feedfire,731-48-0736
2664,Blogspan,138-24-9961
2665,Muxo,800-26-8802
2669,Brainsphere,105-82-0581
2674,Gevee,702-53-2175
2675,Linkbuzz,420-52-8603
2677,Livepath,669-96-6732
2678,Skimia,566-64-1055
2679,Gabvine,854-30-4179
2681,Jamia,602-57-0765
2682,Tagopia,337-64-4060
2685,Kwideo,820-54-7663
2695,Roombo,596-80-7389
2703,Lazz,137-42-6156
2704,Flashset,233-78-1949
2705,Jaxnation,781-99-3876
2706,Cogilith,812-19-6808
2708,Podcat,236-74-8866
2713,Quimba,135-43-7540
2716,Teklist,466-16-7156
2718,Trilith,731-66-4280
2727,Mybuzz,120-35-5790
2730,Babblestorm,470-73-7676
2732,Skipstorm,753-08-5560
2738,Divape,162-95-2640
2740,Browsebug,732-12-0593
2746,Rhyloo,703-69-5945
2754,Teklist,820-79-0743
2757,Twimbo,670-48-9406
2761,Gabcube,455-91-1610
2762,Dynabox,296-82-0168
2764,Livepath,516-33-1896
2768,Realcube,231-12-3580
2770,Blogspan,632-63-7005
2776,Dabjam,649-52-8302
2781,Vinte,559-86-3976
2782,Latz,795-17-6148
2783,Mycat,839-41-5843
2786,Babbleset,730-16-1616
2787,Voonix,547-76-0965
2789,Kayveo,849-83-6706
2792,Realpoint,562-17-2875
2793,Trunyx,248-02-6514
2796,Photobug,474-81-0976
2801,Linkbridge,746-17-1815
2804,Wikibox,311-27-8922
2805,Livefish,446-22-1421
2811,Browsetype,462-39-5175
2814,Shuffledrive,857-91-5590
2815,Demizz,554-87-1854
2818,Kare,548-45-4741
2819,Zazio,699-20-4385
2821,Yodo,244-57-4207
2830,InnoZ,392-03-3145
2833,Skiptube,579-46-2873
2836,Vidoo,562-22-3910
2843,Avamba,163-52-9668
2844,Zoonder,890-59-0335
2846,Oozz,348-06-1263
2849,Quatz,195-12-4744
2852,Kanoodle,556-07-8839
2859,Tagcat,534-20-2530
2866,Topicstorm,694-43-6986
2867,Tagfeed,198-36-2680
2869,Kwilith,697-38-4356
2870,Leenti,692-77-6331
2875,Jayo,175-56-0810
2879,Gigazoom,573-47-8364
2880,Rooxo,465-30-3895
2881,Blogtags,163-06-9928
2889,Ntag,542-07-6065
2896,Yombu,271-23-9597
2901,Thoughtbridge,686-99-7947
2902,Pixoboo,589-59-0272
2903,Kwimbee,184-98-6155
2904,Photolist,497-92-9272
2907,Aibox,679-67-8363
2908,Plambee,738-91-2227
2909,Trilia,228-26-7628
2910,Skiptube,383-42-7807
2911,Realbuzz,681-37-9765
2913,Jabbercube,514-83-2487
2915,Mybuzz,632-59-2978
2917,Zoonder,493-82-7589
2920,Thoughtsphere,708-10-7891
2922,Zoomcast,709-19-1132
2924,Avaveo,897-67-8034
2927,Skinix,671-58-6551
2930,Pixoboo,694-67-9628
2931,Miboo,284-95-0721
2935,Trilith,875-19-0318
2936,Skinder,343-66-6270
2940,Skinix,204-02-7998
2941,Quatz,808-43-9252
2950,Tagpad,273-17-9329
2952,Oyoyo,492-33-7581
2954,Avavee,759-48-7604
2956,Meemm,373-33-2834
2959,Wikizz,768-82-4144
2960,Zoomcast,298-96-3484
2962,Feedbug,333-44-2991
2965,Gabspot,849-16-1152
2968,Yabox,139-07-9700
2969,Bluezoom,194-01-3947
2973,Eazzy,459-57-6974
2974,Buzzdog,351-97-3917
2977,Zoonoodle,189-94-1122
2978,Quatz,328-35-3520
2982,Kayveo,320-86-5969
2984,Jaloo,838-06-9578
2987,Feedbug,190-53-8819
2991,Jetpulse,375-53-8466
2993,Oba,277-30-9002
2995,Linktype,368-88-5947
2998,Thoughtstorm,560-72-9504
2999,Wikivu,226-81-1300
3001,Twitternation,851-77-9525
3003,Twitternation,233-64-3603
3004,Mydeo,458-63-5737
3007,Blogspan,710-32-6408
3009,Layo,204-18-7381
3011,Quire,381-38-3686
3027,Yotz,808-58-8679
3033,Linklinks,140-74-6559
3038,Vinder,896-31-1379
3044,Voonte,167-88-2365
3047,Mydeo,128-94-2595
3052,Digitube,207-36-7790
3053,Dynava,756-59-2214
3055,Oyonder,798-21-0070
3057,Lazz,769-44-2351
3059,Fivechat,331-38-7721
3061,Gabtype,121-80-3360
3062,Brainbox,259-91-4608
3063,Brainlounge,347-74-2934
3068,Jamia,500-01-9399
3069,Buzzshare,851-87-3453
3070,Kwimbee,795-56-0064
3074,Topdrive,736-16-2216
3078,Yakijo,395-15-2207
3082,Rhycero,141-80-2703
3083,Zoombox,234-12-7384
3086,Blogpad,678-37-2454
3087,Shuffletag,501-34-1783
3088,Photobean,820-82-9655
3089,Topicstorm,101-67-8057
3093,Divanoodle,375-61-4621
3095,Skynoodle,161-02-5895
3097,Skyndu,346-24-3016
3098,Zoomcast,835-58-8785
3104,Realbuzz,181-16-5414
3105,Wordtune,196-68-8662
3113,Pixonyx,333-35-1831
3117,Viva,376-46-2741
3119,Mynte,323-91-4731
3120,Thoughtworks,574-74-0037
3122,Skaboo,404-75-2325
3124,Riffwire,446-64-7077
3128,Mydeo,496-04-6406
3136,Yotz,307-21-2166
3140,Jetwire,380-58-4074
3142,Divavu,140-89-4888
3143,Twitternation,441-20-8117
3144,Skynoodle,120-53-8038
3149,Avamm,866-71-2942
3151,Feednation,710-21-1159
3152,Realbuzz,386-21-5313
3154,Skivee,615-13-4570
3161,Aivee,759-95-6944
3162,Oyoyo,368-09-4452
3165,Thoughtworks,309-61-0744
3168,Voomm,595-39-1214
3170,Divavu,695-01-2565
3175,Chatterbridge,242-64-3271
3176,Layo,547-88-4825
3178,Twimbo,844-76-6966
3179,Mynte,747-50-9079
3185,Devcast,118-97-2125
3186,Skippad,791-05-7061
3188,Flipopia,598-42-8987
3190,Mynte,615-31-9957
3193,Jayo,213-30-7079
3197,Avavee,145-89-2056
3199,Oyoloo,850-05-1383
3203,Dablist,716-73-1584
3204,Plajo,111-12-4129
3205,Blognation,126-13-2125
3206,JumpXS,220-65-0031
3211,Yabox,250-42-0967
3219,Kwideo,378-01-2970
3220,Skimia,869-81-5558
3221,Snaptags,245-67-0465
3223,Linklinks,606-68-6621
3224,Innotype,129-25-1741
3227,Demizz,709-32-7998
3232,Browsetype,585-61-2229
3233,Babbleblab,123-42-8616
3239,Bubbletube,649-58-4696
3246,Trunyx,465-55-6310
3247,Geba,590-21-5146
3253,Yamia,134-03-8131
3254,Oyoba,193-04-1166
3258,Podcat,803-15-9847
3261,Tagcat,570-40-5193
3263,Zoombeat,862-45-7382
3264,Oyoba,131-70-4415
3267,Twitterbridge,875-88-9905
3275,Kwilith,362-39-7487
3279,Tazz,502-96-3884
3280,Zooveo,788-64-6027
3284,Leexo,310-97-3261
3292,Gigaclub,507-49-8561
3302,Oyoloo,893-14-6140
3303,Eidel,253-89-5050
3306,Devshare,791-26-1894
3309,Babbleblab,531-84-6299
3311,Eidel,446-53-9144
3313,Abatz,499-24-9122
3315,Eidel,811-95-3189
3316,Muxo,765-65-1142
3321,Wikivu,457-92-2588
3326,Livefish,721-03-7469
3327,Omba,146-08-9923
3329,Zava,339-20-6980
3331,Twitterworks,135-09-6171
3333,Realbuzz,445-01-2969
3335,Kare,642-47-2130
3336,Livetube,707-22-4767
3338,Vipe,401-62-7882
3339,Miboo,387-10-2825
3340,Innotype,345-93-3482
3342,Aivee,740-48-9608
3344,Oyonder,716-43-8118
3351,Agimba,873-66-6061
3356,Twinder,196-80-7223
3358,Vimbo,339-75-6952
3373,Latz,245-70-1648
3377,Geba,776-41-4516
3378,Voonix,543-42-8435
3379,Jetwire,762-85-5444
3381,Zoomdog,172-98-2152
3384,Kwilith,722-35-8776
3390,Jabbersphere,331-59-8481
3397,Babbleblab,201-25-9822
3399,Linkbuzz,844-30-8890
3402,Plajo,715-50-5471
3408,Feednation,254-10-4881
3412,Linkbuzz,741-42-7881
3416,Riffpedia,114-78-5085
3418,Edgewire,670-45-8110
3422,Thoughtbeat,752-91-2144
3428,Quimm,109-63-3941
3429,Camido,840-73-6286
3435,Kazu,780-47-0245
3436,Meetz,405-70-6603
3442,Flashdog,128-57-5591
3449,Shuffledrive,830-30-8824
3450,Skimia,790-79-3573
3454,Fivespan,174-23-9420
3462,Tagcat,146-37-9519
3463,Brainsphere,560-90-4449
3465,Jabberstorm,679-45-4846
3466,Abata,664-20-4806
3467,Yodel,298-99-8758
3470,Youspan,867-74-3976
3471,Eamia,475-13-8465
3473,Fivespan,857-64-8516
3476,Feedspan,832-88-7009
3478,Feedbug,677-24-6266
3479,Mita,476-52-0185
3492,Skilith,439-37-5086
3497,Skalith,588-79-8750
3500,Brightbean,281-57-4165
3505,Aivee,449-80-4246
3508,Divanoodle,789-49-3600
3509,Abatz,545-33-6916
3513,Voonte,482-26-2534
3514,Leexo,215-06-8021
3517,Zoovu,860-12-4670
3518,Gabtype,104-59-1634
3519,Buzzbean,893-55-3731
3524,Lazz,329-80-2609
3527,Yodo,418-01-3270
3532,Thoughtbeat,825-86-8630
3533,Browsedrive,812-70-9410
3538,Buzzbean,640-88-8698
3539,Skinix,298-66-7618
3540,Ntag,723-07-2473
3543,Tagtune,131-48-8804
3544,Fanoodle,135-31-7982
3547,Podcat,437-73-6762
3549,Wikivu,754-14-1688
3551,Kazu,448-47-7655
3556,Skiba,260-99-4882
3560,Gigaclub,749-45-5048
3561,Kazu,472-35-0505
3574,Voonix,302-88-9034
3575,Mydeo,195-25-3503
3577,Yodo,892-34-4315
3578,Ainyx,790-07-9248
3581,Wordpedia,325-38-0058
3586,Skilith,331-95-9623
3589,Myworks,554-02-7818
3592,Layo,189-30-8872
3594,Viva,422-89-1758
3597,Meembee,589-42-7665
3599,Meejo,506-59-6468
3602,Twitterlist,288-77-8840
3604,Youspan,684-12-1517
3605,Skyba,314-36-3449
3606,Yakitri,834-44-1587
3609,Twitterworks,274-42-8908
3611,Topicstorm,557-02-9169
3612,Innojam,696-80-0102
3613,Pixoboo,447-09-8553
3614,Avaveo,325-13-8612
3615,Eayo,363-41-0203
3618,Jaxnation,392-09-9670
3619,Shuffletag,607-18-5770
3620,Yoveo,880-42-1897
3621,Cogidoo,834-02-0219
3628,LiveZ,410-89-8997
3629,Jazzy,299-52-5394
3637,Divanoodle,389-66-3576
3638,Quimba,796-01-3998
3639,Eabox,267-61-5998
3640,Skyba,535-89-9766
3641,Gabcube,711-14-0177
3643,Zooxo,185-82-6741
3646,Skyble,367-39-7003
3648,Avaveo,866-62-6025
3649,Voonder,603-50-4595
3660,Tagopia,420-24-4101
3676,Meetz,306-07-7616
3687,Realmix,159-95-4995
3691,Layo,775-69-0274
3692,Brightbean,700-82-9373
3693,Innojam,391-18-0448
3696,Vitz,347-99-2708
3699,Linkbridge,504-57-9924
3700,Aivee,575-74-5075
3705,Devcast,832-35-5973
3708,Twimbo,642-85-8473
3712,Ntags,432-69-4266
3713,Shuffledrive,162-78-0346
3714,Zava,503-12-3193
3716,Wordtune,460-78-3058
3721,Divavu,311-70-1584
3726,Edgeblab,279-37-6011
3731,Digitube,132-47-6371
3732,Oyoyo,607-67-9078
3733,Twitterwire,530-82-7798
3736,Tagfeed,615-16-7269
3741,Quamba,539-07-0988
3749,Brightdog,370-66-4574
3750,Miboo,533-70-5972
3753,Trunyx,794-31-5819
3755,Oloo,859-96-9189
3762,Skipstorm,181-41-7940
3766,InnoZ,331-64-7016
3767,Mycat,469-63-4330
3774,Abata,275-55-1787
3776,Eadel,199-74-0486
3778,Pixonyx,581-55-7507
3780,Zoombeat,395-97-1152
3782,Blogtags,473-29-9975
3783,Skipfire,562-45-7815
3793,Centizu,337-51-9337
3795,Blogtags,792-59-1635
3800,Photofeed,806-33-9152
3801,Quinu,149-15-6274
3804,Cogibox,163-82-3073
3805,Agivu,447-98-3395
3808,Tambee,502-87-4013
3809,Quaxo,347-52-4406
3810,Brainlounge,367-08-2475
3811,Skiptube,829-46-6307
3813,Wikivu,438-17-7753
3816,Tagopia,650-78-4303
3817,Jamia,490-90-1388
3819,Eabox,454-20-1364
3823,Fatz,523-80-9887
3825,Meezzy,891-42-5567
3826,Skyvu,717-19-7839
3831,Fivebridge,185-75-2580
3834,Roombo,479-97-2408
3835,Roombo,709-70-9648
3837,Gabspot,431-91-7448
3842,Yodoo,572-69-8273
3843,Kayveo,862-38-4615
3845,Feedfish,146-56-0855
3847,Divavu,445-13-1357
3848,Mita,520-29-6917
3850,Browsecat,157-75-3159
3855,Roodel,756-09-5350
3857,Jatri,711-84-4357
3860,Lazzy,481-91-2770
3861,Skyba,680-14-7820
3862,Kazu,356-08-4598
3868,Flipstorm,413-89-0621
3869,Kazu,332-14-6264
3870,Dazzlesphere,850-34-3773
3871,Linkbuzz,863-38-3008
3874,Skimia,243-86-1776
3878,Zoombeat,874-28-5123
3879,Buzzster,234-06-5587
3885,Roombo,652-19-2433
3886,Kwimbee,674-81-8160
3887,Photojam,154-42-3936
3888,Einti,828-68-8205
3893,Fadeo,432-94-2747
3906,Skyble,237-88-3514
3911,Jabbercube,496-50-4716
3914,Realpoint,569-81-2051
3921,Avaveo,204-59-9604
3926,Quamba,576-86-4243
3927,Livepath,748-05-8021
3929,Livefish,755-67-7009
3935,Tekfly,540-87-0867
3936,Rooxo,184-89-9088
3940,Camido,410-38-2403
3942,Divavu,202-80-8923
3946,Ainyx,737-56-6848
3949,Zoonder,218-49-8679
3950,Rhynyx,389-86-5501
3951,Skidoo,393-49-1434
3953,Gigashots,826-37-9051
3957,Babbleopia,361-46-9281
3959,Avamm,182-49-9647
3962,Twitterwire,368-25-9482
3965,Skinte,617-91-5193
3966,Voolith,545-10-3828
3971,Devpoint,699-53-1590
3973,Eadel,807-93-0024
3975,Janyx,898-97-6903
3977,Riffpath,377-54-2757
3978,Skidoo,251-58-6250
3981,Topicstorm,502-56-3936
3983,Topdrive,383-56-0356
3984,Wordtune,171-31-0268
3985,Innotype,682-59-2419
3986,Zava,362-62-8480
3987,Nlounge,141-87-7188
3988,Tagtune,835-49-5284
3990,Demizz,890-35-5664
3993,Skippad,433-14-4266
3994,Meevee,413-57-3046
3998,Kare,849-23-6788
